Filename                 ,CCSD(T) energy           ,CCSD energy              ,Triples correction       ,Final correlation energy ,T1 diagnostic            
Fentanyl_OProt_1.out     ,-1038.386146414          ,-1038.192878842          ,(T)                      ,N/A                      ,0.010293827              
Fentanyl_OProt_12.out    ,-1038.385188181          ,-1038.191958427          ,(T)                      ,N/A                      ,0.010276407              
Fentanyl_OProt_184.out   ,-1038.388534339          ,-1038.194007276          ,(T)                      ,N/A                      ,0.010262188              
Fentanyl_OProt_21.out    ,-1038.381829057          ,-1038.188440750          ,(T)                      ,N/A                      ,0.010277403              
Fentanyl_OProt_38.out    ,-1038.385355421          ,-1038.192151936          ,(T)                      ,N/A                      ,0.010330232              
Fentanyl_OProt_39.out    ,-1038.385321999          ,-1038.192131662          ,(T)                      ,N/A                      ,0.010333213              
Fentanyl_OProt_47.out    ,-1038.383195498          ,-1038.190375983          ,(T)                      ,N/A                      ,0.010285427              
