Filename                 ,CCSD(T) energy           ,CCSD energy              ,Triples correction       ,Final correlation energy ,T1 diagnostic            
Fentanyl_OProt_1.out     ,N/A                      ,-1038.192878842          ,-0.193267573             ,-4.475562545             ,0.010293827              
Fentanyl_OProt_12.out    ,N/A                      ,-1038.191958427          ,-0.193229754             ,-4.472393513             ,0.010276407              
Fentanyl_OProt_184.out   ,N/A                      ,-1038.194007276          ,-0.194527063             ,-4.491193854             ,0.010262188              
Fentanyl_OProt_21.out    ,N/A                      ,-1038.188440750          ,-0.193388307             ,-4.479190514             ,0.010277403              
Fentanyl_OProt_38.out    ,N/A                      ,-1038.192151936          ,-0.193203485             ,-4.474454752             ,0.010330232              
Fentanyl_OProt_39.out    ,N/A                      ,-1038.192131662          ,-0.193190337             ,-4.474171365             ,0.010333213              
Fentanyl_OProt_47.out    ,N/A                      ,-1038.190375983          ,-0.192819515             ,-4.466546947             ,0.010285427              
